amenity,edited_at,name,name:en,source_id,longitude,latitude
restaurant,2015-01-09T10:07:33Z,hazi samosa center,,node/3278133922,75.8593867,22.7190137
restaurant,2015-02-19T19:44:18Z,Saifee Restaurant,,node/3360064186,75.8641447,22.7160939
doctors,2015-10-14T08:56:51Z,Qurban Husain,,node/3360065915,75.8637897,22.7167406
restaurant,2025-06-19T05:50:43Z,Saifee Hotel,,node/3360068348,75.8640405,22.7163833
atm,2019-10-30T11:45:26Z,,,node/4727515314,75.8546456,22.722505
clinic,2021-12-10T05:46:55Z,New Kashyap Clinic,,node/6213757386,75.8641013,22.7118198
pharmacy,2019-03-05T12:39:24Z,Cash Chemist,,node/6213876787,75.8642455,22.7175008
pharmacy,2019-03-05T12:40:24Z,Lucky Chemist,,node/6213878060,75.8635783,22.7173322
pharmacy,2019-01-16T16:51:20Z,Service Medical Stores,,node/6213878469,75.8642197,22.7174374
clinic,2019-10-30T20:23:29Z,C.S. Homeo Pharmacy,,node/6213898341,75.8618134,22.7210804
clinic,2021-12-20T07:34:46Z,Maruti Clinic,,node/6213904151,75.8621376,22.723402
clinic,2021-12-10T05:46:55Z,Solanki Clinic,,node/6213914988,75.859667,22.7123381
pharmacy,2019-06-04T18:20:51Z,Annapoorna Homeo Stores,,node/6213918097,75.8581227,22.7162538
pharmacy,2019-06-04T18:20:51Z,Rai Medical Stores,,node/6213922084,75.8580991,22.7162622
clinic,2024-10-01T12:48:40Z,Oaj Ayurvedic and Infertility Center,,node/6213929363,75.8580663,22.7163355
clinic,2022-01-16T16:53:05Z,Khushaal Dawakhana,,node/6213932793,75.8569563,22.7165424
clinic,2022-01-16T16:53:05Z,Dr.N.P.Chabra,,node/6213936461,75.8566602,22.7165553
clinic,2022-01-16T16:53:05Z,Usmaan Bhai,,node/6213941250,75.8557072,22.71593
hospital,2019-06-04T18:20:51Z,Multani Ayurvedic Clinic,,node/6213953964,75.8557001,22.7159235
hospital,2019-06-04T18:20:51Z,Tanish Hospital,,node/6213964372,75.854975,22.7162654
clinic,2019-06-04T18:20:51Z,Yash Deep Clinic,,node/6213981134,75.8524135,22.7183795
clinic,2026-06-02T12:22:52Z,हेल्थ केयर पोली क्लिनिक,Health Care Poly clinic,node/6213995187,75.8542932,22.7163822
doctors,2026-06-02T12:22:52Z,डॉ.पियूष गाँधी,Dr.Piyush Gandhi,node/6214009893,75.853944,22.716325
hospital,2019-06-04T18:20:51Z,Holi Homeo Clinic,,node/6214019776,75.8563593,22.7191479
clinic,2019-02-04T13:29:23Z,Dr. L.L.Jain,,node/6214045108,75.8552581,22.7188884
clinic,2019-02-07T13:38:47Z,Rajas Eye And Retina Research Center,,node/6214071457,75.8549765,22.7189305
clinic,2019-02-07T10:53:37Z,Dr.Rawal's Clinic,,node/6214081704,75.8538999,22.718826
dentist,2026-06-02T12:22:52Z,डॉ.अरविन्द गोला,Dr.Arvind Gola,node/6214088074,75.8529799,22.7190267
hospital,2019-06-04T18:20:51Z,Saurabh Hospital,,node/6214095680,75.8531524,22.7189904
clinic,2019-06-04T18:20:51Z,Dr.Virendra Koria,,node/6214096152,75.853058,22.7190047
dentist,2019-06-04T18:20:51Z,Deep Chand Gola,,node/6214107682,75.8529735,22.7188526
dentist,2019-06-04T18:20:51Z,Dr.Arvin Krishnan Gola,,node/6214120395,75.8529672,22.718868
doctors,2026-06-02T12:22:52Z,डॉ.के.बी.रॉय क्लिनिक,Dr.K.B. Rai Clinic,node/6214187378,75.8515373,22.7192048
pharmacy,2019-06-04T18:20:51Z,K N Khanna Medical Stores,,node/6215263785,75.861454,22.7203977
dentist,2019-10-30T20:23:29Z,Shree Dental Clinic,,node/6215268696,75.8630646,22.7248868
pharmacy,2019-10-30T20:23:29Z,Aarogya Medical Stores,,node/6215328015,75.8625282,22.7248076
pharmacy,2019-10-30T20:13:27Z,Annapurna Medical And General Stores,,node/6215419956,75.8602067,22.7238941
pharmacy,2019-10-30T20:13:27Z,Hari Medical Stores,,node/6215425660,75.8599787,22.7238025
dentist,2019-10-30T20:13:27Z,Dental Care World,,node/6215428898,75.8576747,22.723142
pharmacy,2019-10-30T20:13:27Z,Saadgi Medical And General Stores,,node/6215789808,75.8576345,22.7230232
clinic,2021-12-20T07:34:46Z,Shivam Polyclinic And Daycare Centre,,node/6215805261,75.8571168,22.7246462
clinic,2021-12-20T07:34:46Z,Dr OP Parikh,,node/6215813285,75.8541732,22.7229082
pharmacy,2019-06-04T18:20:51Z,Roop Shree Medical Stores,,node/6215818248,75.8552956,22.7201502
dentist,2025-04-23T21:59:10Z,S V Dental Clinic,,node/6215831159,75.8549778,22.7206617
clinic,2019-10-30T11:45:26Z,Dr Suman Bndi,,node/6215844861,75.8543663,22.7210279
pharmacy,2019-10-30T11:45:26Z,Shama Medical Store,,node/6215851864,75.8524485,22.7224208
clinic,2019-10-30T08:08:24Z,Dr.Meenakshi Arya,,node/6215877658,75.8547631,22.7128369
doctors,2022-01-16T16:53:05Z,Dr.Shamussdin Ahmed,,node/6215882260,75.8551746,22.7119941
pharmacy,2026-06-05T13:11:55Z,Lakshmi Medical Hall,,node/6215899083,75.8553229,22.7163249
clinic,2019-10-30T11:45:26Z,Chand Tara Dawakhana,,node/6215902471,75.8518478,22.7223218
pharmacy,2019-10-30T11:45:26Z,Aman Medical,,node/6215910453,75.8518182,22.7224084
pharmacy,2019-06-04T18:20:51Z,Vyas Ayurvedic Stores,,node/6215930792,75.8556068,22.7194674
clinic,2019-10-30T16:43:08Z,Dr.Rao Clinic,,node/6215931088,75.8566421,22.7134736
pharmacy,2019-06-04T18:20:51Z,Shri Indore Ayurvedic Stores,,node/6215937320,75.8566046,22.7182798
dentist,2019-10-30T16:43:08Z,Dental Clinic,,node/6215940306,75.8559642,22.7139791
clinic,2019-08-17T03:18:40Z,Yashlok Clinic,,node/6215943512,75.8565643,22.7183887
pharmacy,2019-06-04T18:20:51Z,Five Percent Chemist,,node/6215951483,75.8564007,22.7183986
clinic,2022-01-06T08:57:14Z,Dr Vijay Sharma,,node/6215957647,75.8562291,22.7183689
clinic,2022-01-16T16:53:05Z,Motiwale Clinic,,node/6215967093,75.856111,22.7182996
clinic,2019-06-04T18:20:51Z,Abhinav Nursing Home,,node/6216198631,75.855757,22.7177553
dentist,2019-06-04T18:20:51Z,Verma Dental Clinic,,node/6216211422,75.8522808,22.718933
clinic,2019-06-04T18:20:51Z,Dr K B Roy,,node/6216221543,75.8513904,22.7191606
doctors,2022-01-06T08:57:14Z,डॉ एच के मोहता,Dr H K Mohta,node/6216225626,75.8510363,22.7192794
clinic,2025-06-27T02:59:42Z,Dr Govind Jhanwar,,node/6216240762,75.8507884,22.7192561
clinic,2019-10-30T11:45:26Z,Joshi Clinic,,node/6216289773,75.852934,22.7247043
pharmacy,2019-10-30T11:45:26Z,Ambika Medical Stores,,node/6216291190,75.8529447,22.7248082
pharmacy,2026-06-05T13:11:55Z,Sonia Medical Hall,,node/6216308488,75.8553059,22.7162559
dentist,2019-10-30T16:43:08Z,Dental Clinic,,node/6216319992,75.8566522,22.7134333
pharmacy,2019-10-30T16:43:08Z,Gandhi Chemist,,node/6216322015,75.8566538,22.7134385
clinic,2021-12-10T05:46:55Z,Dr Ahmad Clinic,,node/6216328991,75.8549802,22.7119586
dentist,2019-06-04T18:20:51Z,Dr Ashok L Batheja,,node/6216340157,75.8556417,22.7170848
clinic,2022-01-06T08:57:14Z,Dr Neeta Meratia Clinic,,node/6216341017,75.8557248,22.7173619
pharmacy,2019-10-30T20:23:29Z,Davaiyan,,node/6216851048,75.8608372,22.7212502
clinic,2021-12-20T07:34:46Z,Dr Prakash K Tanwani,,node/6216851591,75.8607889,22.720993
pharmacy,2019-06-04T18:20:51Z,M P Medical Store,,node/6216852791,75.8541206,22.7189518
pharmacy,2019-08-17T03:18:40Z,Narendra Medical,,node/6216853197,75.8549701,22.7191546
dentist,2019-06-04T18:20:51Z,Verma dental clinic,,node/6216859169,75.8532414,22.7190559
hospital,2019-06-04T18:20:51Z,Indore Hospital,,node/6216931123,75.8548128,22.7191705
pharmacy,2019-06-04T18:20:51Z,Narmada Medical Store,,node/6216937679,75.8532867,22.7189825
dentist,2026-06-02T12:22:52Z,श्री राम डेंटल हॉल,Shri Ram Dental Hall,node/6216941747,75.8517551,22.7191903
pharmacy,2025-06-27T02:59:42Z,Govind Jhawar,,node/6216941748,75.8507462,22.719248
pharmacy,2019-06-04T18:20:51Z,Mahajan Medical,,node/6216948775,75.8518517,22.7190418
pharmacy,2019-03-05T15:09:17Z,Malwa Traders,,node/6216982260,75.8639016,22.7172369
pharmacy,2019-03-05T15:11:08Z,Asha Medical,,node/6216982261,75.8639362,22.7112586
pharmacy,2019-03-05T15:17:06Z,Keshav Chemist,,node/6216982262,75.8642866,22.7122983
pharmacy,2019-10-30T16:37:53Z,Meet Medical,,node/6216982263,75.8626092,22.7129029
clinic,2019-10-30T16:43:08Z,Dr Suhas Bande,,node/6216982264,75.8577074,22.7145421
pharmacy,2019-06-04T18:20:51Z,Ruchi Chemist,,node/6216982265,75.8578948,22.7158175
pharmacy,2019-06-04T18:20:51Z,Saraswati Medico,,node/6216982266,75.8578312,22.7163916
pharmacy,2019-06-04T18:20:51Z,Bhagyashree Medicose,,node/6216982267,75.8577807,22.7165502
pharmacy,2019-06-04T18:20:51Z,Laxmi Medical,,node/6216982269,75.8578159,22.7166261
pharmacy,2019-06-04T18:20:51Z,Adi Sales,,node/6216982270,75.8568977,22.7166676
dentist,2025-06-19T18:14:22Z,Daat ka davakhana,,node/6216982271,75.8565657,22.7165614
pharmacy,2019-06-04T18:20:51Z,Ajay Medical,,node/6216982272,75.8541,22.7161898
pharmacy,2019-06-04T18:20:51Z,Daimond Medicals,,node/6216982273,75.85412,22.7161039
clinic,2022-01-06T08:57:14Z,Dawani Clinic,,node/6216982274,75.8540846,22.716052
clinic,2022-01-06T08:57:14Z,Dr R N Jaiswal,,node/6217788279,75.8546814,22.7161261
pharmacy,2019-06-04T18:20:51Z,Nafees Chemist,,node/6217788280,75.8509344,22.7157859
pharmacy,2019-06-04T18:20:51Z,Ali Medical,,node/6217789685,75.8512294,22.7157562
clinic,2019-06-04T18:20:51Z,Jain Homeo,,node/6217789686,75.8546734,22.7161434
pharmacy,2019-06-04T18:20:51Z,Relief Chemist,,node/6217789687,75.8546037,22.7164787
waste_basket,2019-10-30T20:13:27Z,,,node/6316740107,75.8589991,22.7245354
waste_basket,2025-05-24T10:22:07Z,,,node/6316740163,75.8594097,22.7238113
waste_basket,2025-05-24T10:22:07Z,,,node/6316743050,75.8597002,22.7238073
waste_basket,2019-10-30T20:23:29Z,,,node/6316743519,75.8617128,22.7239367
waste_basket,2019-10-30T20:23:29Z,,,node/6316743564,75.8617503,22.7240901
waste_basket,2019-03-04T18:41:14Z,,,node/6316775954,75.8640008,22.7188563
waste_basket,2019-03-04T18:43:14Z,,,node/6316786258,75.8634388,22.7188538
waste_basket,2019-03-04T18:43:31Z,,,node/6316786259,75.8630633,22.7187548
waste_basket,2019-03-04T18:42:41Z,,,node/6316786675,75.8631398,22.7186955
waste_basket,2019-03-04T18:42:58Z,,,node/6316786676,75.8637178,22.7187845
waste_basket,2019-03-04T18:43:48Z,,,node/6316787504,75.8628273,22.7186757
waste_basket,2019-03-04T18:45:03Z,,,node/6316787843,75.8630405,22.7179319
waste_basket,2019-03-04T18:44:48Z,,,node/6316788462,75.8626985,22.7198237
waste_basket,2019-03-04T18:44:07Z,,,node/6316788762,75.8632243,22.7176365
waste_basket,2021-02-28T12:12:11Z,,,node/6316789170,75.8609953,22.7195135
waste_basket,2019-03-04T18:45:36Z,,,node/6316789171,75.8598661,22.7199424
waste_basket,2019-03-04T18:45:52Z,,,node/6316789818,75.859437,22.718933
waste_basket,2019-03-04T18:46:17Z,,,node/6316790761,75.8593726,22.7187549
waste_basket,2019-03-04T18:46:38Z,,,node/6316791070,75.8598017,22.7187153
waste_basket,2019-03-04T18:47:05Z,,,node/6316792355,75.8595443,22.7182402
waste_basket,2019-03-04T18:47:21Z,,,node/6316792890,75.8593726,22.7178246
waste_basket,2019-03-04T18:47:52Z,,,node/6316793811,75.8592113,22.7199906
waste_basket,2019-10-30T20:23:29Z,,,node/6316797341,75.860823,22.723998
waste_basket,2022-02-14T16:12:03Z,,,node/6316802306,75.8576505,22.7228776
waste_basket,2019-10-30T20:13:27Z,,,node/6316802671,75.8582689,22.7231642
atm,2025-02-19T05:17:28Z,Axis Bank,,node/6318299271,75.8627785,22.719354
atm,2025-03-03T15:22:14Z,,,node/6318326028,75.8616882,22.72392
atm,2019-10-30T20:13:27Z,,,node/6318339445,75.8575923,22.722868
atm,2025-03-03T15:30:51Z,State Bank of India,,node/6318355289,75.8614641,22.71826
atm,2026-06-05T13:11:55Z,ICICI Bank,,node/6318364008,75.8555204,22.7180537
atm,2025-03-03T15:30:54Z,State Bank of India,,node/6318416245,75.8648443,22.7189973
atm,2019-03-05T14:37:44Z,,,node/6318422124,75.8616444,22.7194624
atm,2025-03-03T15:26:37Z,,,node/6318439471,75.8616176,22.7201298
toilets,2019-03-05T14:47:55Z,Sulabh Complex,,node/6318445141,75.8622935,22.7186689
atm,2025-02-19T05:17:28Z,Canara Bank,Canara Bank,node/6318458054,75.8616398,22.7184277
atm,2025-02-19T05:17:28Z,Axis Bank,,node/6318458350,75.8612287,22.7179557
toilets,2019-03-05T14:59:51Z,SBM Toilet,,node/6318473207,75.859386,22.7187091
toilets,2019-03-05T15:04:19Z,Sulabh Complex,,node/6318482330,75.8593297,22.7176514
atm,2025-03-03T15:30:56Z,,,node/6318507176,75.8603436,22.721446
toilets,2019-10-30T20:23:29Z,Sulabh Complex,,node/6318516891,75.8614848,22.7230758
atm,2019-03-05T16:43:00Z,,,node/6318702326,75.8500533,22.715708
atm,2025-03-03T15:30:57Z,State Bank of India,,node/6318706092,75.8555961,22.7176396
atm,2025-06-27T02:59:42Z,ICICI Bank,,node/6318734087,75.8501379,22.719324
toilets,2019-10-30T11:45:26Z,Sulabh Complex,,node/6320188131,75.8534195,22.7238013
atm,2019-10-30T11:45:26Z,,,node/6320194839,75.853851,22.7227937
atm,2019-10-30T11:45:26Z,,,node/6320200899,75.8542003,22.7224223
toilets,2019-10-30T20:13:27Z,Sulabh Complex,,node/6320298162,75.8587557,22.7245027
fuel,2019-10-30T20:13:27Z,G J And Company,,node/6320310257,75.8582005,22.723309
atm,2025-03-03T15:31:08Z,,,node/6320314216,75.8575634,22.7229811
atm,2025-03-03T15:26:44Z,,,node/6320322474,75.8569827,22.7235341
atm,2019-10-30T20:13:27Z,,,node/6320343715,75.8571236,22.7249294
toilets,2019-10-30T20:23:29Z,Swachh Bharat Mission,,node/6320579786,75.8644164,22.7236102
toilets,2019-10-30T20:23:29Z,Sulabh Complex,,node/6320585119,75.8645546,22.7223323
atm,2019-03-06T13:38:51Z,,,node/6320819183,75.8558562,22.7162288
atm,2019-03-06T13:34:37Z,,,node/6320822296,75.8551133,22.7162634
toilets,2025-02-19T05:17:28Z,Swachh Bharat Mission,,node/6320841338,75.8583619,22.7183516
toilets,2019-10-30T20:23:29Z,Swachh Bharat Mission,,node/6320850939,75.8636011,22.7204718
toilets,2019-10-30T20:23:29Z,Swachh Bharat Mission,,node/6320859131,75.8637137,22.7217645
toilets,2019-03-06T13:49:29Z,Swachh Bharat Mission,,node/6320863459,75.856968,22.7197779
toilets,2019-10-30T20:13:27Z,Swachh Bharat Mission,,node/6320872385,75.8599771,22.7213003
toilets,2019-10-30T20:23:29Z,Swachh Bharat Mission,,node/6320885800,75.8617017,22.723886
toilets,2019-10-30T20:23:29Z,Swachh Bharat Mission,,node/6320885801,75.8627892,22.7245957
toilets,2019-10-30T20:13:27Z,Swachh Bharat Mission,,node/6320892756,75.8589823,22.7238483
toilets,2019-10-30T20:13:27Z,Swachh Bharat Mission,,node/6320897653,75.8577069,22.7228469
atm,2025-03-03T15:31:09Z,,,node/6320908210,75.8598862,22.7240128
toilets,2019-10-30T20:13:27Z,Sulabh Complex,,node/6320908576,75.8552958,22.7231739
toilets,2019-10-30T11:45:26Z,Sulabh Complex,,node/6320914618,75.8536542,22.7226224
toilets,2019-10-30T11:45:26Z,Swachh Bharat Mission,,node/6320917945,75.8529239,22.7223466
toilets,2019-10-30T11:45:26Z,Swachh Bharat Mission,,node/6320925474,75.8516014,22.7222935
toilets,2019-10-30T08:08:24Z,Swacch Bharat Toilet,,node/6320936133,75.8546633,22.7144114
atm,2019-10-31T11:07:45Z,,,node/6320936496,75.855702,22.7171352
atm,2019-03-06T14:19:16Z,,,node/6320938540,75.8555102,22.7161842
waste_basket,2019-10-30T08:08:24Z,,,node/6320940936,75.8546888,22.7143954
atm,2019-10-30T16:43:08Z,,,node/6320943888,75.8554016,22.7143094
toilets,2019-10-30T16:43:08Z,SBM Toilet,,node/6320975289,75.8586122,22.7136748
toilets,2019-10-30T16:43:08Z,SBM Toilet,,node/6320975290,75.8576841,22.7134793
school,2019-10-30T16:43:08Z,Shaskiya Madhyamik Vidhyalay Kramak 52,,node/6320975291,75.858301,22.7137416
atm,2025-03-03T15:31:13Z,State Bank of India,,node/6321001032,75.8638841,22.7162733
fuel,2019-06-04T18:20:51Z,HP,,node/6321024562,75.8602443,22.7162312
waste_basket,2019-03-06T15:03:37Z,,,node/6321031763,75.8606949,22.7162584
atm,2025-03-03T15:31:16Z,State Bank of India,,node/6321035064,75.8605877,22.7162387
toilets,2019-10-30T08:08:24Z,SBM Toilet,,node/6321214495,75.8530969,22.7109339
toilets,2019-10-30T08:08:24Z,SBM Toilet,,node/6321230856,75.8502269,22.7137348
toilets,2019-03-06T16:24:22Z,Sulabh Complex,,node/6321250485,75.8511731,22.7165059
waste_basket,2019-03-06T16:28:07Z,,,node/6321253577,75.853858,22.7162411
waste_basket,2019-03-06T16:29:21Z,,,node/6321255224,75.8551991,22.7164589
waste_basket,2019-03-06T16:30:04Z,,,node/6321256599,75.8555102,22.7165083
waste_basket,2019-10-30T16:43:08Z,,,node/6321259585,75.8554713,22.7143651
waste_basket,2019-03-06T16:34:17Z,,,node/6321276923,75.862602,22.7100853
waste_basket,2019-10-30T16:43:08Z,,,node/6321276930,75.8553747,22.7107824
waste_basket,2019-10-30T16:43:08Z,,,node/6321276931,75.8558683,22.7112179
waste_basket,2019-10-30T16:43:08Z,,,node/6321276932,75.8553962,22.7110991
waste_basket,2019-10-30T16:43:08Z,,,node/6321276933,75.8556644,22.7115643
waste_basket,2019-10-30T16:43:08Z,,,node/6321276934,75.8554713,22.7115445
waste_basket,2019-10-30T16:43:08Z,,,node/6321276935,75.8555357,22.7119601
toilets,2019-10-30T16:43:08Z,SBM Toilet,,node/6321277418,75.8563028,22.7107923
waste_basket,2019-10-30T16:35:04Z,,,node/6321283805,75.8641804,22.7132214
waste_basket,2019-03-06T16:36:01Z,,,node/6321283810,75.8649838,22.7161125
waste_basket,2019-03-06T16:36:01Z,,,node/6321283811,75.8640504,22.7162114
toilets,2019-10-30T16:43:08Z,SBM Toilet,,node/6321288917,75.8562653,22.7104038
toilets,2019-10-30T16:43:08Z,SBM Toilet,,node/6321329568,75.8555357,22.7116731
toilets,2019-10-30T16:43:08Z,SBM Toilet,,node/6321331548,75.8557503,22.7124278
toilets,2019-10-30T16:43:08Z,Sulabh Complex,,node/6321333615,75.8566837,22.7129498
toilets,2019-10-30T14:37:04Z,SBM Toilet,,node/6321346421,75.8589515,22.710162
toilets,2019-10-30T16:43:08Z,SBM Toilet,,node/6321407785,75.8601384,22.7115766
toilets,2019-03-06T17:27:01Z,Sulabh Complex,,node/6321410703,75.859268,22.717644
toilets,2019-10-30T16:37:53Z,SBM Toilet,,node/6321413986,75.8609645,22.7148593
toilets,2019-03-06T18:14:49Z,SBM Toilet,,node/6321506436,75.8639793,22.7113026
toilets,2019-10-30T16:35:04Z,Sulabh Complex,,node/6321524470,75.8643735,22.7134293
atm,2025-02-19T05:17:28Z,IndusInd Bank,,node/6321623303,75.8628272,22.7195862
atm,2019-03-06T19:06:50Z,,,node/6321637850,75.8615828,22.7197544
hospital,2019-11-27T19:10:15Z,Aman Hospital,,node/6341135653,75.8642986,22.7243756
hospital,2019-10-30T08:08:24Z,Aarogya Hospital,,node/6341224185,75.8544863,22.7134478
hospital,2019-06-04T18:20:51Z,Dr. Waghmare Nursing Home,,node/6341580970,75.8551294,22.7164613
clinic,2022-01-06T08:57:14Z,Seva Clinic,,node/6341580971,75.8504362,22.7246041
hospital,2025-04-23T21:59:10Z,अर्पण नर्सिंग होम,Arpan Nursing Home,node/6341878320,75.8554512,22.7202492
atm,2019-10-30T16:43:08Z,,,node/6350238714,75.8575876,22.7103791
school,2021-08-19T08:13:54Z,Government Urdu Girls Secondary School Hathipala,,node/6374320001,75.8632398,22.714202
school,2021-08-19T08:13:54Z,Government Urdu Girls Higher Secondary School Hathipala,,node/6374328396,75.8633109,22.7139437
school,2019-10-30T08:08:24Z,Government New Urdu Girls School Moti Tabela,,node/6374343319,75.8550891,22.711982
school,2021-08-19T08:13:54Z,Nayapitha Urdu School,,node/6374426997,75.8516968,22.7137199
school,2021-08-19T08:13:54Z,Government Rajat Jayanti Girls Higher Secondary School,,node/6374426998,75.8643991,22.711414
school,2021-08-19T08:13:54Z,Government Primary School Number 28,,node/6374426999,75.857318,22.7195713
school,2021-08-19T08:13:54Z,Govt Navin Malaw Girls High School Indore,,node/6374427000,75.8576265,22.7210093
school,2021-08-19T08:13:54Z,Government Higher Secondary School Vivekanand,,node/6374427001,75.8566529,22.7198533
school,2021-08-19T08:13:54Z,Kasturba Girls Higher Secondary School,,node/6374427002,75.8543395,22.7206172
school,2023-02-03T07:11:50Z,Government Maharaja Shivaji Rao Higher Secondary School,,node/6374427003,75.8610798,22.7244612
pharmacy,2019-06-04T18:20:51Z,Amir Medical Stores,,node/6376240643,75.8559398,22.7163985
pharmacy,2019-06-04T18:20:51Z,Pankaj Medical Stores,,node/6376348358,75.8561808,22.7188664
pharmacy,2019-06-04T18:20:51Z,Chandra Medical Stores,,node/6376352335,75.8563668,22.7186517
pharmacy,2019-06-04T18:20:51Z,Bombay Agency Ayurvedic Medical,,node/6376353751,75.8564787,22.7186068
pharmacy,2019-06-04T18:20:51Z,Shri Keshav Aoushadhalay,,node/6376355222,75.856688,22.7182915
pharmacy,2019-06-04T18:20:51Z,Saraswati Medicose,,node/6376356911,75.8576126,22.7164371
pharmacy,2019-10-30T08:08:24Z,Meera Medicose,,node/6376772079,75.8548296,22.7149174
pharmacy,2019-06-04T18:20:51Z,Raj Medical Store,,node/6376772080,75.858006,22.7162065
pharmacy,2019-06-04T18:20:51Z,Sahu Medicose,,node/6376772081,75.8558938,22.7199783
pharmacy,2019-06-04T18:20:51Z,Arpan Medical Store,,node/6376772082,75.855639,22.7200438
pharmacy,2019-10-30T11:45:26Z,Munna Medicose,,node/6376772785,75.8516224,22.7224975
school,2019-10-30T11:45:26Z,Savitri Kala Mandir Uchhatar Madhyamik Vidhalaya,,node/6377572374,75.8542778,22.720731
pharmacy,2019-10-30T16:29:43Z,Aman Medical Store,,node/6386316232,75.8606648,22.7108381
pharmacy,2019-04-05T18:30:23Z,Honey Medical Stores,,node/6386316233,75.8622023,22.7101076
pharmacy,2019-04-05T18:30:24Z,Kavita Medical Stores,,node/6386316234,75.8636749,22.7162387
pharmacy,2019-06-04T18:20:51Z,Ideal Medical Store,,node/6386316235,75.8602148,22.7165479
pharmacy,2019-06-04T18:20:51Z,Gourav Medicos,,node/6386316236,75.8527744,22.7160679
pharmacy,2019-06-04T18:20:51Z,Faiz Medical Store,,node/6386316237,75.8515298,22.7158824
pharmacy,2019-06-04T18:20:51Z,Seva Aushadhi Bhandar,,node/6386316239,75.8509961,22.7171887
pharmacy,2019-06-04T18:20:51Z,Hariom Pharmacy,,node/6386316240,75.8555531,22.7175846
pharmacy,2019-06-04T18:20:51Z,Shyam Medicos,,node/6386316241,75.8508807,22.7192224
pharmacy,2019-10-30T11:45:26Z,Galaxy Medicos,,node/6386316242,75.8505683,22.7217751
pharmacy,2019-10-30T20:13:27Z,Maa karuna Medicos,,node/6386316243,75.8575661,22.7230665
place_of_worship,2025-06-27T02:59:42Z,Jain mandir,,node/6544614885,75.851194,22.7186182
clinic,2019-11-27T10:02:54Z,Arogya Nursing Home,,node/7013597254,75.8641174,22.7248979
hospital,2019-11-27T14:13:38Z,Vyas Children Hospital,,node/7014275793,75.8523338,22.7160382
clinic,2019-11-27T19:10:15Z,Ayesha Nursing Home,,node/7015262885,75.8645828,22.7246134
hospital,2019-11-27T19:51:06Z,"Unique Hospital, Jawahar Marg",,node/7015332162,75.8501874,22.7157791
clinic,2019-11-27T23:32:42Z,Ansari Nursing Home,,node/7015746776,75.8626637,22.7168535
hospital,2019-11-28T00:26:30Z,Tanish Medical Care,,node/7015790805,75.8547941,22.7164799
doctors,2019-11-28T00:28:20Z,Dr. R. N. Jaiswal,,node/7015792942,75.8546975,22.716449
clinic,2019-11-28T00:45:28Z,"Patidar Nursing Home, Indore",,node/7015819771,75.8601022,22.7238452
clinic,2019-11-28T07:53:20Z,Gill Diagnostic and Stone Clinic,,node/7016355227,75.8546828,22.7164848
clinic,2020-01-02T16:19:46Z,Government Civil Dispensary,,node/7101781814,75.8566964,22.7139222
place_of_worship,2023-04-16T08:06:19Z,Mangeshi mandir,Mangeshi mandir,node/10815868008,75.8626924,22.7216495
place_of_worship,2024-03-04T10:04:49Z,Banke Bihari Temple,,node/11690381801,75.855234,22.7180149
photo_booth,2024-03-04T10:04:49Z,Indore Statue Selfie Point,,node/11690381803,75.8585296,22.718144
waste_basket,2026-06-05T13:11:55Z,,,node/13912310304,75.8533373,22.7160362
pharmacy,2026-06-05T13:11:55Z,,,node/13912310307,75.8541202,22.7229517
place_of_worship,2026-06-05T13:11:55Z,,,node/13912310387,75.8625589,22.718769
fast_food,2026-06-05T13:11:55Z,Madhushaal,,node/13912310441,75.853483,22.7160375
bank,2026-06-05T13:11:55Z,State Bank of India,,node/13912310446,75.8557271,22.7177095
cafe,2026-06-05T13:11:55Z,Joshi Coffee House,,node/13912310459,75.8514604,22.7224697
post_box,2026-06-05T13:11:55Z,,,node/13912310486,75.8601211,22.7197358
bicycle_rental,2026-06-05T13:11:55Z,,,node/13912310491,75.8552739,22.7186658
place_of_worship,2026-06-05T13:11:55Z,,,node/13912310549,75.8609845,22.7184442
restaurant,2026-06-05T13:11:55Z,Shri Gajanand Bhojanalaya,,node/13912310591,75.8533365,22.715996
